{"cameraMode":{"drawMode":0,"name":"Shaded","section":"Shading Mode"},"sceneLighting":false,"audioPlay":false,"sceneViewState":{"m_AlwaysRefresh":false,"showFog":true,"showSkybox":true,"showFlares":true,"showImageEffects":true,"showParticleSystems":true,"showVisualEffectGraphs":true,"m_FxEnabled":true},"in2DMode":false,"pivot":{"x":0.03709220886230469,"y":-0.14732426404953004,"z":-0.1970820426940918},"rotation":{"x":-0.006648567970842123,"y":0.9850073456764221,"z":-0.03899852931499481,"w":-0.16792471706867219},"size":0.018441423773765565,"orthographic":false}